Index,Barcode,Project,Instrument,Scan Date,Scanned By,Collection Date,Status,Specimen ID
1,PRO1,Rametrix(TM) PRO Validation,Alpha,20180218,Raman Team,20180218,Healthy,ABSM199610-041217
2,PRO2,Rametrix(TM) PRO Validation,Alpha,20180218,Raman Team,20180218,Healthy,ACCF199506-041217
3,PRO3,Rametrix(TM) PRO Validation,Alpha,20180218,Raman Team,20180218,Healthy,AFNF199610-041217
4,PRO4,Rametrix(TM) PRO Validation,Alpha,20180218,Raman Team,20180218,Healthy,AGGM201611-041217
5,PRO5,Rametrix(TM) PRO Validation,Alpha,20180218,Raman Team,20180218,Healthy,AMGM199410-041217
6,PRO6,Rametrix(TM) PRO Validation,Alpha,20180218,Raman Team,20180218,Healthy,ASIM198407-041217
7,PRO7,Rametrix(TM) PRO Validation,Alpha,20180218,Raman Team,20180218,Healthy,BESF199610-041217
8,PRO8,Rametrix(TM) PRO Validation,Alpha,20180218,Raman Team,20180218,Healthy,BMHF199509-041217
9,PRO9,Rametrix(TM) PRO Validation,Alpha,20180218,Raman Team,20180218,Healthy,CCGF199602-041217
10,PRO10,Rametrix(TM) PRO Validation,Alpha,20180218,Raman Team,20180218,Healthy,EBGF199408-041217
11,PRO11,Rametrix(TM) PRO Validation,Alpha,20180218,Raman Team,20180218,Healthy,HBEF199504-041217
12,PRO12,Rametrix(TM) PRO Validation,Alpha,20180218,Raman Team,20180218,Healthy,KWF199201-041217
13,PRO13,Rametrix(TM) PRO Validation,Alpha,20180218,Raman Team,20180218,Healthy,LEMF199705-041217
14,PRO14,Rametrix(TM) PRO Validation,Alpha,20180218,Raman Team,20180218,Healthy,MJEF199509-041217
15,PRO15,Rametrix(TM) PRO Validation,Alpha,20180218,Raman Team,20180218,Healthy,MLHF199708-041217
16,PRO16,Rametrix(TM) PRO Validation,Alpha,20180218,Raman Team,20180218,Healthy,NCDM199709-041217
17,PRO17,Rametrix(TM) PRO Validation,Alpha,20180218,Raman Team,20180218,Healthy,NKSF199505-041217
18,PRO18,Rametrix(TM) PRO Validation,Alpha,20180218,Raman Team,20180218,Healthy,RBAF199704-041217
19,PRO19,Rametrix(TM) PRO Validation,Alpha,20180218,Raman Team,20180218,Healthy,RSSM197612-041217
20,PRO20,Rametrix(TM) PRO Validation,Alpha,20180218,Raman Team,20180218,Healthy,SNLF199504-041217
21,PRO21,Rametrix(TM) PRO Validation,Alpha,20180218,Raman Team,20180218,Unhealthy,3OOO198894-030716
22,PRO22,Rametrix(TM) PRO Validation,Alpha,20180218,Raman Team,20180218,Unhealthy,3OOO198894-060116
23,PRO23,Rametrix(TM) PRO Validation,Alpha,20180218,Raman Team,20180218,Unhealthy,3OOO198894-070516
24,PRO24,Rametrix(TM) PRO Validation,Alpha,20180218,Raman Team,20180218,Unhealthy,3OOO198894-100316
25,PRO25,Rametrix(TM) PRO Validation,Alpha,20180218,Raman Team,20180218,Unhealthy,3OOO204161-010317
26,PRO26,Rametrix(TM) PRO Validation,Alpha,20180218,Raman Team,20180218,Unhealthy,3OOO204161-020916
27,PRO27,Rametrix(TM) PRO Validation,Alpha,20180218,Raman Team,20180218,Unhealthy,3OOO204161-071216
28,PRO28,Rametrix(TM) PRO Validation,Alpha,20180218,Raman Team,20180218,Unhealthy,3OOO221596-051616
29,PRO29,Rametrix(TM) PRO Validation,Alpha,20180218,Raman Team,20180218,Unhealthy,3OOO221596-080516
30,PRO30,Rametrix(TM) PRO Validation,Alpha,20180218,Raman Team,20180218,Unhealthy,3OOO221596-101016
31,PRO31,Rametrix(TM) PRO Validation,Alpha,20180218,Raman Team,20180218,Unhealthy,3OOO239247-011216
32,PRO32,Rametrix(TM) PRO Validation,Alpha,20180218,Raman Team,20180218,Unhealthy,3OOO239247-040516
33,PRO33,Rametrix(TM) PRO Validation,Alpha,20180218,Raman Team,20180218,Unhealthy,3OOO239247-070516
34,PRO34,Rametrix(TM) PRO Validation,Alpha,20180218,Raman Team,20180218,Unhealthy,3OOO239247-100416
35,PRO35,Rametrix(TM) PRO Validation,Alpha,20180218,Raman Team,20180218,Unhealthy,3OOO2O4161-051216
36,PRO36,Rametrix(TM) PRO Validation,Alpha,20180218,Raman Team,20180218,Unhealthy,5OOO080346-071216
37,PRO37,Rametrix(TM) PRO Validation,Alpha,20180218,Raman Team,20180218,Unhealthy,5OOO102913-010716
38,PRO38,Rametrix(TM) PRO Validation,Alpha,20180218,Raman Team,20180218,Unhealthy,5OOO102913-041116
39,PRO39,Rametrix(TM) PRO Validation,Alpha,20180218,Raman Team,20180218,Unhealthy,5OOO102913-051616
40,PRO40,Rametrix(TM) PRO Validation,Alpha,20180218,Raman Team,20180218,Unhealthy,5OOO102913-070816
41,PRO41,Rametrix(TM) PRO Validation,Alpha,20180218,Raman Team,20180218,Unhealthy,5OOO102913-100316
42,PRO42,Rametrix(TM) PRO Validation,Alpha,20180218,Raman Team,20180218,Unhealthy,5OOO102913-120115
43,PRO43,Rametrix(TM) PRO Validation,Alpha,20180218,Raman Team,20180218,Unhealthy,5OOO108714-030216
44,PRO44,Rametrix(TM) PRO Validation,Alpha,20180218,Raman Team,20180218,Unhealthy,5OOO108714-062216
45,PRO45,Rametrix(TM) PRO Validation,Alpha,20180218,Raman Team,20180218,Unhealthy,5OOO108714-091416
46,PRO46,Rametrix(TM) PRO Validation,Alpha,20180218,Raman Team,20180218,Unhealthy,5OOO116455-032416
47,PRO47,Rametrix(TM) PRO Validation,Alpha,20180218,Raman Team,20180218,Unhealthy,5OOO116455-101016
48,PRO48,Rametrix(TM) PRO Validation,Alpha,20180218,Raman Team,20180218,Unhealthy,5OOO121248-020816
49,PRO49,Rametrix(TM) PRO Validation,Alpha,20180218,Raman Team,20180218,Unhealthy,5OOO121248-050616
50,PRO50,Rametrix(TM) PRO Validation,Alpha,20180218,Raman Team,20180218,Unhealthy,5OOO121248-081116
51,PRO51,Rametrix(TM) PRO Validation,Alpha,20180218,Raman Team,20180218,Unhealthy,5OOO138677-020516
52,PRO52,Rametrix(TM) PRO Validation,Alpha,20180218,Raman Team,20180218,Unhealthy,5OOO138677-032816
53,PRO53,Rametrix(TM) PRO Validation,Alpha,20180218,Raman Team,20180218,Unhealthy,5OOO138677-061416
54,PRO54,Rametrix(TM) PRO Validation,Alpha,20180218,Raman Team,20180218,Unhealthy,5OOO138677-071116
55,PRO55,Rametrix(TM) PRO Validation,Alpha,20180218,Raman Team,20180218,Unhealthy,5OOO138677-100716
56,PRO56,Rametrix(TM) PRO Validation,Alpha,20180218,Raman Team,20180218,Unhealthy,5OOO138677-111815
57,PRO57,Rametrix(TM) PRO Validation,Alpha,20180218,Raman Team,20180218,Unhealthy,5OOO158457-030216
58,PRO58,Rametrix(TM) PRO Validation,Alpha,20180218,Raman Team,20180218,Unhealthy,5OOO158457-072616
59,PRO59,Rametrix(TM) PRO Validation,Alpha,20180218,Raman Team,20180218,Unhealthy,5OOO158457-100516
60,PRO60,Rametrix(TM) PRO Validation,Alpha,20180218,Raman Team,20180218,Unhealthy,5OOO163020-020816
61,PRO61,Rametrix(TM) PRO Validation,Alpha,20180218,Raman Team,20180218,Unhealthy,5OOO163020-030216
62,PRO62,Rametrix(TM) PRO Validation,Alpha,20180218,Raman Team,20180218,Unhealthy,5OOO163020-060716
63,PRO63,Rametrix(TM) PRO Validation,Alpha,20180218,Raman Team,20180218,Unhealthy,5OOO163020-090716
64,PRO64,Rametrix(TM) PRO Validation,Alpha,20180218,Raman Team,20180218,Unhealthy,5OOO163020-112415
65,PRO65,Rametrix(TM) PRO Validation,Alpha,20180218,Raman Team,20180218,Unhealthy,5OOO167749-030116
66,PRO66,Rametrix(TM) PRO Validation,Alpha,20180218,Raman Team,20180218,Unhealthy,5OOO167749-060116
67,PRO67,Rametrix(TM) PRO Validation,Alpha,20180218,Raman Team,20180218,Unhealthy,5OOO167749-090816
68,PRO68,Rametrix(TM) PRO Validation,Alpha,20180218,Raman Team,20180218,Unhealthy,5OOO167749-121415
69,PRO69,Rametrix(TM) PRO Validation,Alpha,20180218,Raman Team,20180218,Unhealthy,5OOO178429-030816
70,PRO70,Rametrix(TM) PRO Validation,Alpha,20180218,Raman Team,20180218,Unhealthy,5OOO178429-060616
71,PRO71,Rametrix(TM) PRO Validation,Alpha,20180218,Raman Team,20180218,Unhealthy,5OOO178429-090616
72,PRO72,Rametrix(TM) PRO Validation,Alpha,20180218,Raman Team,20180218,Unhealthy,5OOO178429-120115
73,PRO73,Rametrix(TM) PRO Validation,Alpha,20180218,Raman Team,20180218,Unhealthy,5OOO189125-020216
74,PRO74,Rametrix(TM) PRO Validation,Alpha,20180218,Raman Team,20180218,Unhealthy,5OOO189125-051016
75,PRO75,Rametrix(TM) PRO Validation,Alpha,20180218,Raman Team,20180218,Unhealthy,5OOO189125-052416
76,PRO76,Rametrix(TM) PRO Validation,Alpha,20180218,Raman Team,20180218,Unhealthy,5OOO189125-081216
77,PRO77,Rametrix(TM) PRO Validation,Alpha,20180218,Raman Team,20180218,Unhealthy,5OOO189125-090616
78,PRO78,Rametrix(TM) PRO Validation,Alpha,20180218,Raman Team,20180218,Unhealthy,5OOO189125-100715
79,PRO79,Rametrix(TM) PRO Validation,Alpha,20180218,Raman Team,20180218,Unhealthy,5OOO189125-102215
80,PRO80,Rametrix(TM) PRO Validation,Alpha,20180218,Raman Team,20180218,Unhealthy,5OOO202780-021116
81,PRO81,Rametrix(TM) PRO Validation,Alpha,20180218,Raman Team,20180218,Unhealthy,5OOO202780-052016
82,PRO82,Rametrix(TM) PRO Validation,Alpha,20180218,Raman Team,20180218,Unhealthy,5OOO202780-081616
83,PRO83,Rametrix(TM) PRO Validation,Alpha,20180218,Raman Team,20180218,Unhealthy,5OOO225188-030816
84,PRO84,Rametrix(TM) PRO Validation,Alpha,20180218,Raman Team,20180218,Unhealthy,5OOO225188-060616
85,PRO85,Rametrix(TM) PRO Validation,Alpha,20180218,Raman Team,20180218,Unhealthy,5OOO225188-090616
86,PRO86,Rametrix(TM) PRO Validation,Alpha,20180218,Raman Team,20180218,Unhealthy,5OOO235290-030716
87,PRO87,Rametrix(TM) PRO Validation,Alpha,20180218,Raman Team,20180218,Unhealthy,5OOO235290-060616
88,PRO88,Rametrix(TM) PRO Validation,Alpha,20180218,Raman Team,20180218,Unhealthy,5OOO235290-120816
89,PRO89,Rametrix(TM) PRO Validation,Alpha,20180218,Raman Team,20180218,Unhealthy,5OOO240546-010816
90,PRO90,Rametrix(TM) PRO Validation,Alpha,20180218,Raman Team,20180218,Unhealthy,5OOO240546-051216
91,PRO91,Rametrix(TM) PRO Validation,Alpha,20180218,Raman Team,20180218,Unhealthy,5OOO240546-082416
92,PRO92,Rametrix(TM) PRO Validation,Alpha,20180218,Raman Team,20180218,Unhealthy,5OOO240546-102315
93,PRO93,Rametrix(TM) PRO Validation,Alpha,20180218,Raman Team,20180218,Unhealthy,5OOO242349-020116
94,PRO94,Rametrix(TM) PRO Validation,Alpha,20180218,Raman Team,20180218,Unhealthy,5OOO242349-060616
95,PRO95,Rametrix(TM) PRO Validation,Alpha,20180218,Raman Team,20180218,Unhealthy,5OOO242349-070516
96,PRO96,Rametrix(TM) PRO Validation,Alpha,20180218,Raman Team,20180218,Unhealthy,5OOO242349-100316
97,PRO97,Rametrix(TM) PRO Validation,Alpha,20180218,Raman Team,20180218,Unhealthy,5OOO242349-110215
98,PRO98,Rametrix(TM) PRO Validation,Alpha,20180218,Raman Team,20180218,Unhealthy,5OOO255137-021116
99,PRO99,Rametrix(TM) PRO Validation,Alpha,20180218,Raman Team,20180218,Unhealthy,5OOO255137-022416
100,PRO100,Rametrix(TM) PRO Validation,Alpha,20180218,Raman Team,20180218,Unhealthy,5OOO255137-031416
101,PRO101,Rametrix(TM) PRO Validation,Alpha,20180218,Raman Team,20180218,Unhealthy,5OOO255137-033016
102,PRO102,Rametrix(TM) PRO Validation,Alpha,20180218,Raman Team,20180218,Unhealthy,5OOO255137-110515
103,PRO103,Rametrix(TM) PRO Validation,Alpha,20180218,Raman Team,20180218,Unhealthy,5OOO263835-041416
104,PRO104,Rametrix(TM) PRO Validation,Alpha,20180218,Raman Team,20180218,Unhealthy,5OOO263835-060316
105,PRO105,Rametrix(TM) PRO Validation,Alpha,20180218,Raman Team,20180218,Unhealthy,5OOO263835-071516
106,PRO106,Rametrix(TM) PRO Validation,Alpha,20180218,Raman Team,20180218,Unhealthy,5OOO263835-072916
107,PRO107,Rametrix(TM) PRO Validation,Alpha,20180218,Raman Team,20180218,Unhealthy,5OOO263835-081116
108,PRO108,Rametrix(TM) PRO Validation,Alpha,20180218,Raman Team,20180218,Unhealthy,5OOO263835-082616
109,PRO109,Rametrix(TM) PRO Validation,Alpha,20180218,Raman Team,20180218,Unhealthy,5OOO269110-032216
110,PRO110,Rametrix(TM) PRO Validation,Alpha,20180218,Raman Team,20180218,Unhealthy,5OOO269110-061616
111,PRO111,Rametrix(TM) PRO Validation,Alpha,20180218,Raman Team,20180218,Unhealthy,5OOO269110-091216
112,PRO112,Rametrix(TM) PRO Validation,Alpha,20180218,Raman Team,20180218,Unhealthy,5OOO275188-010917
113,PRO113,Rametrix(TM) PRO Validation,Alpha,20180218,Raman Team,20180218,Unhealthy,5OOO275188-021216
114,PRO114,Rametrix(TM) PRO Validation,Alpha,20180218,Raman Team,20180218,Unhealthy,5OOO275188-061716
115,PRO115,Rametrix(TM) PRO Validation,Alpha,20180218,Raman Team,20180218,Unhealthy,5OOO275188-072616
116,PRO116,Rametrix(TM) PRO Validation,Alpha,20180218,Raman Team,20180218,Unhealthy,5OOO275188-100716
117,PRO117,Rametrix(TM) PRO Validation,Alpha,20180218,Raman Team,20180218,Unhealthy,5OOO291256-051216
118,PRO118,Rametrix(TM) PRO Validation,Alpha,20180218,Raman Team,20180218,Unhealthy,5OOO291256-071416
119,PRO119,Rametrix(TM) PRO Validation,Alpha,20180218,Raman Team,20180218,Unhealthy,5OOO291256-090816
120,PRO120,Rametrix(TM) PRO Validation,Alpha,20180218,Raman Team,20180218,Unhealthy,5OOO291256-092816
121,PRO121,Rametrix(TM) PRO Validation,Alpha,20180218,Raman Team,20180218,Unhealthy,5OOO297053-080816
122,PRO122,Rametrix(TM) PRO Validation,Alpha,20180218,Raman Team,20180218,Unhealthy,5OOO297053-091216
123,PRO123,Rametrix(TM) PRO Validation,Alpha,20180218,Raman Team,20180218,Unhealthy,5OOO297O53-052316
124,PRO124,Rametrix(TM) PRO Validation,Alpha,20180218,Raman Team,20180218,Unhealthy,5OOOO70381-030216
125,PRO125,Rametrix(TM) PRO Validation,Alpha,20180218,Raman Team,20180218,Unhealthy,5OOOO70381-060116
126,PRO126,Rametrix(TM) PRO Validation,Alpha,20180218,Raman Team,20180218,Unhealthy,5OOOO70381-090716
127,PRO127,Rametrix(TM) PRO Validation,Alpha,20180218,Raman Team,20180218,Unhealthy,5OOOO70381-121216
128,PRO128,Rametrix(TM) PRO Validation,Alpha,20180218,Raman Team,20180218,Unhealthy,5OOOO80346-010617
129,PRO129,Rametrix(TM) PRO Validation,Alpha,20180218,Raman Team,20180218,Unhealthy,5OOOO80346-030816
130,PRO130,Rametrix(TM) PRO Validation,Alpha,20180218,Raman Team,20180218,Unhealthy,5OOOO80346-041216
131,PRO131,Rametrix(TM) PRO Validation,Alpha,20180218,Raman Team,20180218,Unhealthy,5OOOO82357-010417
132,PRO132,Rametrix(TM) PRO Validation,Alpha,20180218,Raman Team,20180218,Unhealthy,5OOOO82357-010616
133,PRO133,Rametrix(TM) PRO Validation,Alpha,20180218,Raman Team,20180218,Unhealthy,5OOOO82357-040616
134,PRO134,Rametrix(TM) PRO Validation,Alpha,20180218,Raman Team,20180218,Unhealthy,5OOOO82357-071116
135,PRO135,Rametrix(TM) PRO Validation,Alpha,20180218,Raman Team,20180218,Unhealthy,5OOOO97811-030116
136,PRO136,Rametrix(TM) PRO Validation,Alpha,20180218,Raman Team,20180218,Unhealthy,5OOOO97811-060116
137,PRO137,Rametrix(TM) PRO Validation,Alpha,20180218,Raman Team,20180218,Unhealthy,5OOOO97811-090616
138,PRO138,Rametrix(TM) PRO Validation,Alpha,20180218,Raman Team,20180218,Unhealthy,5OOOO97811-120215